Year,Total number of dwelling units ; Victoria ; Houses ; Private Sector ;,Total number of dwelling units ; Victoria ; Houses ; Total Sectors ;,Total number of dwelling units ; Victoria ; Dwellings excluding houses ; Private Sector ;,Total number of dwelling units ; Victoria ; Dwellings excluding houses ; Total Sectors ;,Total number of dwelling units ; Victoria ; Total (Type of Building) ; Private Sector ;,Total number of dwelling units ; Victoria ; Total (Type of Building) ; Total Sectors ;,Total number of dwelling units ; Victoria ; Houses ; Private Sector ;,Total number of dwelling units ; Victoria ; Houses ; Total Sectors ;,Total number of dwelling units ; Victoria ; Total (Type of Building) ; Private Sector ;,Total number of dwelling units ; Victoria ; Total (Type of Building) ; Total Sectors ;,Total number of dwelling units ; Victoria ; Houses ; Private Sector ;,Total number of dwelling units ; Victoria ; Houses ; Total Sectors ;,Total number of dwelling units ; Victoria ; Dwellings excluding houses ; Private Sector ;,Total number of dwelling units ; Victoria ; Dwellings excluding houses ; Total Sectors ;,Total number of dwelling units ; Victoria ; Total (Type of Building) ; Private Sector ;,Total number of dwelling units ; Victoria ; Total (Type of Building) ; Total Sectors ;
Jul-1983,1970,2434,342,402,2312,2836,2031,2419,2373,2821,2156,2421,413,475,2569,2896
Aug-1983,2558,2681,518,603,3076,3284,2239,2350,2757,2953,2186,2435,414,473,2600,2908
Sep-1983,2309,2540,382,431,2691,2971,2240,2446,2622,2877,2218,2452,416,469,2633,2921
Oct-1983,2363,2629,370,396,2733,3025,2292,2580,2662,2976,2246,2466,414,463,2659,2928
Nov-1983,2480,2678,434,486,2914,3164,2248,2502,2682,2988,2270,2476,406,450,2676,2926
Dec-1983,2198,2320,482,505,2680,2825,2337,2471,2819,2976,2302,2496,399,438,2701,2934
Jan-1984,1711,1861,317,397,2028,2258,2198,2388,2515,2785,2348,2535,404,438,2752,2973
Feb-1984,2322,2491,406,424,2728,2915,2400,2580,2806,3004,2414,2598,428,458,2842,3057
Mar-1984,2612,2768,447,454,3059,3222,2598,2753,3045,3207,2497,2683,474,501,2971,3184
Apr-1984,2287,2427,507,512,2794,2939,2618,2851,3125,3363,2583,2775,528,554,3112,3329
May-1984,3025,3324,733,808,3758,4132,2577,2797,3310,3605,2657,2850,586,614,3243,3464
Jun-1984,2632,2850,485,490,3117,3340,2690,2851,3175,3341,2709,2893,637,672,3346,3565
Jul-1984,2852,3046,774,811,3626,3857,2793,2986,3567,3797,2724,2892,669,707,3393,3599
Aug-1984,3034,3231,690,730,3724,3961,2730,2865,3420,3595,2694,2845,669,706,3363,3551
Sep-1984,2563,2663,516,595,3079,3258,2661,2771,3177,3366,2635,2770,640,675,3274,3445
Oct-1984,2997,3126,790,800,3787,3926,2587,2724,3377,3524,2564,2689,598,634,3162,3323
Nov-1984,2646,2812,546,557,3192,3369,2527,2683,3073,3240,2512,2640,564,605,3076,3245
Dec-1984,1989,2063,427,427,2416,2490,2232,2331,2659,2758,2501,2656,550,597,3051,3253
Jan-1985,2115,2287,416,556,2531,2843,2550,2741,2966,3297,2531,2736,553,600,3084,3337
Feb-1985,2488,2683,663,716,3151,3399,2704,2899,3367,3615,2585,2843,566,610,3151,3453
Mar-1985,2566,2806,732,746,3298,3552,2664,2961,3396,3707,2634,2935,578,613,3212,3548
Apr-1985,2613,2955,590,601,3203,3556,2741,3309,3331,3910,2658,2978,587,610,3245,3587
May-1985,2953,3330,520,521,3473,3851,2602,2881,3122,3402,2655,2966,592,605,3247,3571
Jun-1985,2410,2679,458,466,2868,3145,2567,2763,3025,3229,2643,2919,589,602,3232,3520
Jul-1985,2840,2969,642,658,3482,3627,2658,2790,3300,3448,2636,2864,590,610,3226,3474
Aug-1985,2756,3155,683,748,3439,3903,2582,2889,3265,3637,2638,2829,590,620,3228,3449
Sep-1985,2586,2731,570,570,3156,3301,2649,2822,3219,3392,2636,2809,582,620,3218,3429
Oct-1985,3130,3305,583,661,3713,3966,2715,2854,3298,3515,2616,2790,557,598,3173,3388
Nov-1985,2722,2796,481,527,3203,3323,2655,2750,3136,3277,2570,2749,517,558,3087,3306
Dec-1985,2192,2417,491,491,2683,2908,2316,2574,2807,3065,2497,2670,474,515,2970,3185
Jan-1986,2013,2197,309,362,2322,2559,2471,2676,2780,3038,2413,2575,435,478,2848,3053
Feb-1986,2204,2299,567,637,2771,2936,2396,2496,2963,3133,2340,2488,411,456,2752,2944
Mar-1986,1880,1987,365,368,2245,2355,2253,2381,2618,2749,2290,2423,399,443,2689,2867
Apr-1986,2422,2516,364,438,2786,2954,2173,2309,2537,2747,2266,2389,395,436,2661,2825
May-1986,2427,2566,385,446,2812,3012,2233,2356,2618,2802,2255,2383,399,434,2654,2817
Jun-1986,2278,2443,342,465,2620,2908,2392,2508,2734,2973,2249,2393,406,437,2655,2830
Jul-1986,2439,2635,581,612,3020,3247,2246,2414,2827,3026,2253,2421,419,446,2671,2868
Aug-1986,2250,2482,337,355,2587,2837,2217,2437,2554,2792,2265,2454,430,460,2695,2914
Sep-1986,2351,2582,430,469,2781,3051,2214,2475,2644,2944,2272,2476,433,469,2705,2945
Oct-1986,2526,2706,433,508,2959,3214,2260,2413,2693,2921,2273,2482,424,465,2698,2947
Nov-1986,2302,2443,445,456,2747,2899,2363,2539,2808,2995,2264,2464,408,450,2672,2914
Dec-1986,2305,2487,400,454,2705,2941,2324,2531,2724,2985,2242,2422,387,424,2629,2846
Jan-1987,1625,1761,301,348,1926,2109,2091,2233,2392,2581,2206,2359,367,395,2574,2754
Feb-1987,2016,2143,363,365,2379,2508,2175,2294,2538,2659,2161,2287,351,369,2512,2656
Mar-1987,2244,2324,392,392,2636,2716,2165,2255,2557,2647,2124,2226,337,349,2461,2575
Apr-1987,2030,2089,261,263,2291,2352,1989,2054,2250,2317,2105,2189,335,349,2439,2537
May-1987,2303,2383,363,423,2666,2806,2194,2286,2557,2709,2109,2181,340,365,2449,2546
Jun-1987,2199,2270,358,358,2557,2628,2127,2173,2485,2531,2130,2203,348,391,2478,2594
Jul-1987,2236,2402,340,403,2576,2805,2108,2261,2448,2664,2162,2249,353,418,2515,2666
Aug-1987,2225,2253,350,458,2575,2711,2268,2295,2618,2753,2204,2313,354,438,2558,2751
Sep-1987,2369,2504,422,526,2791,3030,2171,2306,2593,2832,2253,2382,351,448,2604,2831
Oct-1987,2527,2663,292,395,2819,3058,2362,2502,2654,2897,2289,2431,346,450,2635,2881
Nov-1987,2279,2480,324,429,2603,2909,2298,2523,2622,2952,2321,2466,342,442,2663,2908
Dec-1987,2439,2557,331,406,2770,2963,2426,2537,2757,2943,2353,2488,336,425,2689,2912
Jan-1988,1769,1815,348,455,2117,2270,2366,2425,2714,2880,2383,2499,327,399,2710,2898
Feb-1988,2202,2287,346,369,2548,2656,2314,2406,2660,2775,2417,2512,319,379,2736,2891
Mar-1988,2542,2690,353,430,2895,3120,2392,2510,2745,2940,2458,2536,317,372,2775,2909
Apr-1988,2609,2651,207,219,2816,2870,2828,2884,3035,3103,2513,2589,319,376,2832,2965
May-1988,2594,2635,291,356,2885,2991,2344,2389,2635,2745,2591,2674,317,380,2908,3054
Jun-1988,2747,2949,396,491,3143,3440,2685,2825,3081,3316,2681,2772,311,380,2992,3152
Jul-1988,2667,2742,350,467,3017,3209,2740,2841,3090,3308,2767,2864,302,376,3069,3240
Aug-1988,3190,3315,295,324,3485,3639,2877,2992,3172,3316,2842,2940,293,370,3135,3310
Sep-1988,3176,3304,182,250,3358,3554,3066,3191,3248,3441,2906,3007,280,355,3186,3362
Oct-1988,2930,2988,217,305,3147,3293,2912,2984,3129,3289,2960,3060,261,332,3221,3392
Nov-1988,3210,3273,337,375,3547,3648,2889,2942,3226,3317,3004,3099,241,301,3245,3401
Dec-1988,2763,2892,282,390,3045,3282,2992,3127,3274,3517,3044,3134,221,269,3265,3404
Jan-1989,2528,2582,175,205,2703,2787,3203,3266,3378,3471,3097,3184,203,244,3300,3427
Feb-1989,2902,3035,91,101,2993,3136,3101,3247,3192,3348,3145,3229,191,229,3336,3458
Mar-1989,2930,2951,229,230,3159,3181,3111,3128,3340,3358,3163,3246,186,231,3349,3477
Apr-1989,3112,3157,164,208,3276,3365,3227,3284,3391,3492,3124,3210,190,249,3314,3459
May-1989,3662,3822,165,311,3827,4133,3115,3281,3280,3592,3018,3109,196,267,3214,3376
Jun-1989,2901,3018,363,578,3264,3596,2846,2920,3209,3498,2859,2953,196,270,3055,3223
Jul-1989,2555,2607,96,163,2651,2770,2670,2749,2766,2912,2679,2772,180,247,2859,3019
Aug-1989,2688,2858,134,185,2822,3043,2409,2554,2543,2739,2512,2598,149,200,2661,2798
Sep-1989,2391,2446,141,145,2532,2591,2386,2449,2527,2594,2381,2457,116,149,2498,2607
Oct-1989,2401,2442,64,64,2465,2506,2224,2269,2288,2333,2297,2368,97,117,2394,2485
Nov-1989,2381,2444,132,183,2513,2627,2238,2282,2370,2465,2249,2326,97,113,2346,2439
Dec-1989,2075,2153,63,88,2138,2241,2361,2440,2424,2528,2214,2305,122,139,2337,2444
Jan-1990,1800,1926,118,119,1918,2045,2145,2297,2263,2416,2180,2286,162,185,2342,2471
Feb-1990,1988,2054,252,275,2240,2329,2116,2188,2368,2463,2136,2257,204,236,2340,2493
Mar-1990,2096,2323,297,355,2393,2678,2041,2254,2338,2609,2083,2211,239,280,2322,2491
Apr-1990,1756,1834,222,222,1978,2056,2070,2152,2292,2374,2023,2148,254,299,2277,2446
May-1990,2350,2426,287,411,2637,2837,1968,2045,2255,2456,1953,2067,244,290,2197,2357
Jun-1990,1871,2094,205,378,2076,2472,1914,2084,2119,2462,1888,1988,221,266,2109,2254
Jul-1990,1843,1880,208,208,2051,2088,1789,1839,1997,2047,1829,1912,200,240,2029,2152
Aug-1990,1930,2004,150,155,2080,2159,1777,1844,1927,1999,1781,1846,191,226,1973,2072
Sep-1990,1633,1678,103,169,1736,1847,1713,1765,1816,1934,1753,1805,192,223,1944,2028
Oct-1990,1913,1970,266,323,2179,2293,1663,1723,1929,2046,1739,1791,192,223,1931,2013
Nov-1990,2018,2077,290,294,2308,2371,1932,1974,2222,2268,1727,1787,184,215,1911,2002
Dec-1990,1343,1363,138,148,1481,1511,1563,1584,1701,1732,1702,1781,172,203,1874,1984
Jan-1991,1532,1618,102,175,1634,1793,1796,1899,1898,2074,1663,1758,156,186,1819,1944
Feb-1991,1497,1699,127,139,1624,1838,1580,1784,1707,1923,1624,1724,143,175,1767,1899
Mar-1991,1385,1459,120,134,1505,1593,1588,1656,1708,1790,1603,1696,138,174,1741,1870
Apr-1991,1523,1576,169,233,1692,1809,1493,1550,1662,1783,1607,1683,144,184,1751,1867
May-1991,1933,1980,219,277,2152,2257,1673,1722,1892,1999,1639,1697,155,201,1795,1898
Jun-1991,1584,1614,96,137,1680,1751,1683,1705,1779,1842,1686,1733,165,219,1851,1952
Jul-1991,2036,2076,188,245,2224,2321,1851,1904,2039,2149,1730,1777,169,233,1899,2009
Aug-1991,1776,1803,156,208,1932,2011,1723,1754,1879,1962,1764,1818,169,242,1933,2060
Sep-1991,1715,1823,165,259,1880,2082,1739,1860,1904,2119,1781,1841,164,243,1945,2083
Oct-1991,2111,2157,193,429,2304,2586,1830,1869,2023,2298,1791,1845,157,235,1948,2080
Nov-1991,1778,1833,161,218,1939,2051,1779,1816,1940,2034,1802,1848,146,222,1948,2070
Dec-1991,1663,1690,97,144,1760,1834,1811,1836,1908,1980,1818,1858,139,210,1957,2068
Jan-1992,1526,1544,123,191,1649,1735,1840,1863,1963,2054,1832,1876,139,206,1972,2081
Feb-1992,1794,1832,145,186,1939,2018,1881,1923,2026,2109,1851,1906,148,211,1999,2118
Mar-1992,1970,2008,170,397,2140,2405,1890,1931,2060,2328,1879,1948,164,224,2043,2173
Apr-1992,1896,2084,167,262,2063,2346,1883,2064,2050,2326,1923,2000,180,237,2103,2237
May-1992,1969,2014,270,277,2239,2291,1898,1945,2168,2222,1982,2053,187,236,2169,2290
Jun-1992,2124,2201,130,165,2254,2366,2055,2111,2185,2276,2046,2105,181,220,2227,2325
Jul-1992,2410,2440,154,198,2564,2638,2236,2272,2390,2470,2106,2146,171,198,2277,2344
Aug-1992,2116,2118,237,241,2353,2359,2128,2131,2365,2372,2156,2186,162,180,2317,2366
Sep-1992,2343,2380,74,100,2417,2480,2139,2184,2213,2284,2184,2228,160,172,2343,2400
Oct-1992,2378,2449,135,138,2513,2587,2241,2315,2376,2453,2190,2273,165,174,2355,2446
Nov-1992,2091,2254,231,335,2322,2589,2116,2240,2347,2575,2182,2313,177,184,2359,2496
Dec-1992,2208,2255,233,233,2441,2488,2239,2280,2472,2513,2168,2338,191,198,2360,2537
Jan-1993,1621,1951,134,139,1755,2090,2152,2569,2286,2708,2155,2344,198,206,2353,2550
Feb-1993,1952,2072,236,264,2188,2336,2065,2179,2301,2443,2141,2324,202,210,2342,2533
Mar-1993,2438,2563,189,200,2627,2763,2196,2321,2385,2521,2128,2280,202,211,2330,2491
Apr-1993,1954,2061,240,242,2194,2303,2081,2181,2321,2423,2120,2232,203,213,2323,2446
May-1993,2228,2297,184,184,2412,2481,2139,2217,2323,2401,2117,2199,211,223,2328,2422
Jun-1993,2232,2320,149,149,2381,2469,2101,2160,2250,2309,2119,2192,226,240,2346,2432
Jul-1993,2210,2255,381,434,2591,2689,2158,2222,2539,2656,2129,2213,254,266,2383,2479
Aug-1993,2250,2306,195,207,2445,2513,2134,2197,2329,2404,2141,2244,292,301,2433,2545
Sep-1993,2284,2455,348,348,2632,2803,2106,2293,2454,2641,2161,2273,337,342,2498,2614
Oct-1993,2272,2363,331,337,2603,2700,2257,2352,2588,2689,2197,2306,369,379,2566,2684
Nov-1993,2354,2491,449,449,2803,2940,2234,2325,2683,2774,2241,2336,370,395,2611,2730
Dec-1993,2105,2173,465,465,2570,2638,2226,2286,2691,2751,2289,2363,354,403,2643,2766
Jan-1994,1785,1802,267,383,2052,2185,2312,2338,2579,2721,2327,2381,340,418,2667,2800
Feb-1994,2343,2391,291,433,2634,2824,2494,2541,2785,2974,2353,2395,332,433,2685,2828
Mar-1994,2559,2595,179,323,2738,2918,2369,2408,2548,2731,2369,2408,336,444,2704,2852
Apr-1994,2021,2091,339,355,2360,2446,2279,2343,2618,2698,2381,2424,341,442,2723,2866
May-1994,2614,2653,721,874,3335,3527,2408,2449,3129,3323,2392,2438,347,429,2738,2866
Jun-1994,2442,2494,191,240,2633,2734,2334,2375,2525,2615,2405,2454,349,410,2754,2864
Jul-1994,2466,2514,229,229,2695,2743,2516,2577,2745,2806,2421,2472,357,403,2778,2875
Aug-1994,2716,2753,448,493,3164,3246,2424,2469,2872,2962,2426,2478,369,410,2795,2888
Sep-1994,2477,2526,133,206,2610,2732,2373,2430,2506,2636,2404,2457,383,426,2788,2883
Oct-1994,2395,2441,724,746,3119,3187,2337,2381,3061,3127,2343,2395,399,453,2742,2848
Nov-1994,2591,2672,343,429,2934,3101,2414,2465,2757,2894,2252,2303,410,478,2663,2781
Dec-1994,1861,1924,542,601,2403,2525,2050,2112,2592,2713,2143,2190,403,484,2547,2675
Jan-1995,1573,1596,101,191,1674,1787,1976,2008,2077,2199,2031,2075,377,462,2409,2538
Feb-1995,1861,1898,369,515,2230,2413,1981,2021,2350,2536,1938,1980,348,434,2287,2414
Mar-1995,1954,1997,463,541,2417,2538,1796,1841,2259,2382,1870,1912,313,400,2183,2312
Apr-1995,1587,1624,246,259,1833,1883,1889,1924,2135,2183,1828,1875,276,363,2104,2237
May-1995,1903,1961,725,821,2628,2782,1683,1739,2408,2560,1801,1855,247,332,2048,2187
Jun-1995,1907,1986,233,340,2140,2326,1900,1968,2133,2308,1775,1835,215,298,1990,2133
Jul-1995,1828,1860,60,190,1888,2050,1802,1840,1862,2030,1740,1804,195,277,1935,2081
Aug-1995,1802,1896,140,209,1942,2105,1605,1717,1745,1926,1708,1770,180,263,1887,2033
Sep-1995,1723,1746,385,393,2108,2139,1677,1702,2062,2095,1677,1734,175,259,1853,1993
Oct-1995,1694,1717,184,285,1878,2002,1612,1630,1796,1915,1639,1687,187,269,1826,1956
Nov-1995,1731,1811,87,275,1818,2086,1631,1684,1718,1959,1594,1632,219,300,1813,1932
Dec-1995,1380,1426,336,398,1716,1824,1589,1625,1925,2023,1541,1572,273,356,1814,1929
Jan-1996,1316,1330,87,189,1403,1519,1577,1597,1664,1786,1491,1519,337,422,1829,1940
Feb-1996,1299,1312,581,619,1880,1931,1320,1337,1901,1956,1444,1472,396,478,1840,1950
Mar-1996,1332,1357,688,762,2020,2119,1305,1336,1993,2098,1412,1442,455,530,1867,1973
Apr-1996,1351,1391,347,479,1698,1870,1496,1532,1843,2011,1403,1435,497,568,1900,2004
May-1996,1541,1594,459,501,2000,2095,1422,1474,1881,1975,1413,1448,524,593,1937,2041
Jun-1996,1436,1458,490,509,1926,1967,1469,1499,1959,2008,1429,1463,549,616,1978,2079
Jul-1996,1513,1548,552,661,2065,2209,1366,1400,1918,2061,1435,1466,573,635,2009,2100
Aug-1996,1584,1608,872,914,2456,2522,1515,1546,2387,2460,1433,1457,589,644,2022,2101
Sep-1996,1480,1488,343,406,1823,1894,1431,1440,1774,1846,1428,1447,605,652,2034,2100
Oct-1996,1565,1584,827,849,2392,2433,1434,1447,2261,2296,1447,1464,616,654,2062,2117
Nov-1996,1408,1415,467,506,1875,1921,1402,1406,1869,1912,1499,1517,622,650,2121,2166
Dec-1996,1448,1466,528,539,1976,2005,1576,1591,2104,2130,1582,1602,631,649,2213,2251
Jan-1997,1366,1399,698,714,2064,2113,1703,1748,2401,2462,1683,1706,643,657,2326,2363
Feb-1997,1613,1623,886,893,2499,2516,1726,1738,2612,2631,1773,1797,648,662,2420,2459
Mar-1997,1897,1909,539,547,2436,2456,2041,2061,2580,2608,1837,1858,642,661,2479,2519
Apr-1997,1928,1957,531,580,2459,2537,1842,1865,2373,2445,1876,1893,637,663,2514,2556
May-1997,2007,2018,632,658,2639,2676,1905,1918,2537,2576,1905,1916,638,673,2543,2589
Jun-1997,1820,1827,693,741,2513,2568,1836,1844,2529,2585,1940,1949,639,686,2580,2635
Jul-1997,2051,2054,539,578,2590,2632,1840,1843,2379,2421,1995,2006,650,707,2645,2712
Aug-1997,2268,2272,872,948,3140,3220,2265,2269,3137,3217,2066,2083,661,725,2728,2808
Sep-1997,2382,2416,667,746,3049,3162,2200,2233,2867,2979,2142,2166,653,719,2795,2885
Oct-1997,2192,2250,377,431,2569,2681,2091,2138,2468,2569,2203,2236,631,692,2833,2928
Nov-1997,2303,2342,834,905,3137,3247,2307,2337,3141,3242,2240,2279,618,670,2858,2949
Dec-1997,2180,2241,560,589,2740,2830,2260,2312,2820,2901,2266,2306,627,670,2894,2976
Jan-1998,1790,1812,592,627,2382,2439,2294,2329,2886,2956,2297,2338,652,690,2950,3029
Feb-1998,2099,2149,587,608,2686,2757,2262,2319,2849,2927,2342,2388,676,716,3019,3103
Mar-1998,2595,2626,902,920,3497,3546,2364,2401,3266,3321,2388,2442,693,739,3081,3181
Apr-1998,2507,2508,696,805,3203,3313,2515,2516,3211,3321,2419,2485,692,742,3111,3227
May-1998,2485,2621,687,735,3172,3356,2459,2597,3146,3332,2433,2508,676,726,3108,3234
Jun-1998,2554,2685,519,570,3073,3255,2455,2570,2974,3140,2429,2506,656,702,3085,3208
Jul-1998,2342,2391,646,672,2988,3063,2341,2396,2987,3068,2403,2474,654,691,3057,3165
Aug-1998,2355,2402,841,861,3196,3263,2289,2345,3130,3206,2362,2422,679,708,3041,3130
Sep-1998,2694,2742,583,583,3277,3325,2467,2503,3050,3086,2320,2371,735,761,3055,3132
Oct-1998,2296,2333,680,746,2976,3079,2252,2286,2932,3032,2293,2343,805,833,3099,3176
Nov-1998,2287,2345,1061,1094,3348,3439,2264,2318,3325,3412,2281,2338,873,906,3154,3244
Dec-1998,2147,2203,1091,1098,3238,3301,2222,2271,3313,3369,2286,2353,936,973,3222,3326
Jan-1999,1712,1810,608,665,2320,2475,2310,2452,2918,3117,2310,2378,972,1011,3282,3389
Feb-1999,2442,2472,1259,1312,3701,3784,2418,2454,3677,3766,2349,2411,963,1000,3311,3411
Mar-1999,2758,2795,816,842,3574,3637,2443,2489,3259,3331,2404,2455,935,969,3339,3424
Apr-1999,2231,2258,1129,1159,3360,3417,2343,2372,3472,3531,2478,2517,915,948,3393,3465
May-1999,2766,2782,802,828,3568,3610,2680,2698,3482,3526,2562,2596,924,956,3486,3552
Jun-1999,2706,2747,572,583,3278,3330,2566,2599,3138,3182,2655,2692,958,991,3614,3683
Jul-1999,2724,2788,1054,1125,3778,3913,2754,2821,3808,3946,2762,2807,985,1019,3747,3826
Aug-1999,3087,3128,1661,1686,4748,4814,2952,2985,4613,4671,2883,2936,1010,1044,3892,3980
Sep-1999,3340,3405,668,708,4008,4113,3065,3131,3733,3839,3016,3072,1041,1073,4056,4145
Oct-1999,2875,2958,1025,1040,3900,3998,2945,3019,3970,4059,3151,3205,1074,1103,4224,4308
Nov-1999,3443,3485,1073,1100,4516,4585,3276,3309,4349,4409,3283,3331,1122,1147,4405,4478
Dec-1999,3300,3344,894,922,4194,4266,3506,3552,4400,4474,3382,3422,1174,1196,4556,4618
Jan-2000,2547,2567,1675,1682,4222,4249,3368,3399,5043,5081,3407,3441,1211,1231,4618,4671
Feb-2000,3597,3632,1166,1206,4763,4838,3444,3473,4610,4679,3336,3366,1224,1242,4560,4608
Mar-2000,3645,3657,1305,1305,4950,4962,3188,3208,4493,4513,3150,3178,1200,1216,4349,4394
Apr-2000,2556,2583,1050,1073,3606,3656,3047,3078,4097,4151,2860,2888,1146,1162,4005,4050
May-2000,2530,2574,880,886,3410,3460,2292,2328,3172,3214,2518,2546,1089,1106,3607,3652
Jun-2000,2382,2412,848,868,3230,3280,2312,2349,3160,3217,2205,2233,1015,1034,3220,3266
Jul-2000,1842,1859,1486,1507,3328,3366,1881,1897,3367,3404,1978,2004,940,960,2918,2964
Aug-2000,1810,1827,879,921,2689,2748,1625,1638,2504,2559,1860,1883,880,901,2740,2784
Sep-2000,1854,1886,676,676,2530,2562,1823,1854,2499,2530,1852,1873,827,847,2679,2720
Oct-2000,1521,1566,511,537,2032,2103,1490,1520,2001,2057,1916,1936,814,832,2730,2768
Nov-2000,2359,2361,741,754,3100,3115,2190,2192,2931,2946,1997,2018,836,851,2833,2870
Dec-2000,1702,1718,1303,1303,3005,3021,1970,1987,3273,3290,2054,2078,893,904,2947,2982
Jan-2001,1649,1680,899,928,2548,2608,2054,2091,2953,3019,2083,2108,956,963,3039,3072
Feb-2001,2281,2307,878,880,3159,3187,2296,2326,3174,3206,2090,2116,961,966,3051,3082
Mar-2001,2185,2206,1188,1190,3373,3396,1972,2009,3160,3199,2129,2156,909,916,3038,3072
Apr-2001,1811,1835,622,622,2433,2457,2115,2146,2737,2768,2239,2269,869,879,3108,3149
May-2001,2661,2677,1010,1010,3671,3687,2383,2397,3393,3407,2418,2454,898,913,3316,3368
Jun-2001,2615,2643,649,686,3264,3329,2606,2637,3255,3323,2629,2672,990,1010,3620,3683
Jul-2001,2832,2937,750,815,3582,3752,2813,2900,3563,3715,2834,2883,1095,1118,3929,4001
Aug-2001,3656,3704,1999,1999,5655,5703,3338,3385,5337,5384,2995,3047,1164,1192,4159,4238
Sep-2001,2990,3060,1229,1229,4219,4289,3012,3079,4241,4308,3082,3132,1186,1216,4268,4349
Oct-2001,3313,3340,1038,1081,4351,4421,3060,3077,4098,4158,3098,3143,1134,1167,4232,4310
Nov-2001,3107,3148,610,652,3717,3800,2972,3010,3582,3662,3081,3119,1023,1058,4104,4177
Dec-2001,2784,2813,1023,1091,3807,3904,3195,3230,4218,4321,3069,3102,905,942,3974,4045
Jan-2002,2346,2378,1101,1123,3447,3501,2925,2963,4026,4086,3083,3114,821,860,3904,3974
Feb-2002,3051,3077,712,731,3763,3808,3084,3115,3796,3846,3112,3142,775,816,3887,3958
Mar-2002,2955,2968,528,562,3483,3530,3187,3212,3715,3774,3130,3157,802,843,3931,4000
Apr-2002,3216,3252,1064,1124,4280,4376,3208,3243,4272,4367,3113,3138,884,925,3997,4063
May-2002,3436,3447,954,1015,4390,4462,3138,3152,4092,4167,3076,3098,1039,1080,4115,4179
Jun-2002,2927,2947,1021,1046,3948,3993,2965,2982,3986,4028,3011,3032,1235,1276,4246,4308
Jul-2002,2974,2997,1140,1181,4114,4178,2762,2780,3902,3961,2932,2952,1403,1442,4335,4394
Aug-2002,3144,3177,2600,2605,5744,5782,2944,2975,5544,5580,2854,2874,1479,1513,4333,4387
Sep-2002,2898,2911,881,940,3779,3851,2870,2882,3751,3822,2805,2825,1439,1467,4244,4292
Oct-2002,3146,3178,1514,1561,4660,4739,2844,2865,4358,4426,2771,2793,1290,1314,4061,4107
Nov-2002,2405,2428,883,883,3288,3311,2370,2390,3253,3273,2742,2765,1108,1128,3850,3893
Dec-2002,2663,2690,833,837,3496,3527,3046,3071,3879,3908,2711,2735,966,988,3677,3723
Jan-2003,2061,2073,1144,1155,3205,3228,2653,2672,3797,3827,2687,2711,929,960,3615,3670
Feb-2003,2764,2791,603,686,3367,3477,2809,2844,3412,3530,2691,2714,983,1028,3674,3742
Mar-2003,2470,2484,889,920,3359,3404,2338,2363,3227,3283,2731,2753,1046,1104,3777,3857
Apr-2003,2705,2713,1800,1854,4505,4567,2970,2978,4770,4832,2792,2810,1038,1105,3830,3915
May-2003,2934,2950,955,1107,3889,4057,2790,2810,3745,3917,2859,2872,1020,1084,3878,3956
Jun-2003,3121,3133,943,957,4064,4090,3051,3062,3994,4019,2919,2929,1005,1058,3925,3987
Jul-2003,3373,3386,564,576,3937,3962,3067,3076,3631,3652,2960,2968,1005,1044,3964,4012
Aug-2003,2901,2903,783,823,3684,3726,2867,2869,3650,3692,2964,2974,1030,1058,3994,4032
Sep-2003,2999,3010,1405,1417,4404,4427,2854,2862,4259,4279,2948,2960,1075,1099,4023,4059
Oct-2003,3277,3292,1852,1856,5129,5148,2978,2993,4830,4849,2919,2934,1118,1142,4038,4076
Nov-2003,2898,2943,535,610,3433,3553,2905,2947,3440,3557,2896,2912,1109,1137,4005,4049
Dec-2003,2569,2575,766,774,3335,3349,2836,2841,3602,3615,2870,2889,1038,1068,3908,3958
Jan-2004,2207,2214,1407,1452,3614,3666,2990,3002,4397,4454,2845,2865,955,983,3800,3848
Feb-2004,2627,2650,714,725,3341,3375,2681,2712,3395,3437,2823,2845,891,914,3714,3759
Mar-2004,3092,3114,707,725,3799,3839,2730,2760,3437,3485,2805,2830,873,893,3678,3723
Apr-2004,2755,2763,945,973,3700,3736,2881,2892,3826,3865,2784,2814,878,898,3662,3712
May-2004,2768,2809,1141,1153,3909,3962,2736,2784,3877,3937,2748,2782,879,900,3627,3682
Jun-2004,2938,2984,675,683,3613,3667,2723,2750,3398,3433,2693,2729,869,894,3563,3622
Jul-2004,2929,2975,764,825,3693,3800,2785,2829,3549,3654,2617,2652,882,910,3499,3562
Aug-2004,2521,2571,1030,1073,3551,3644,2363,2397,3393,3470,2536,2568,885,920,3421,3488
Sep-2004,2563,2584,761,763,3324,3347,2386,2407,3147,3170,2465,2494,855,896,3320,3390
Oct-2004,2507,2519,1038,1056,3545,3575,2481,2492,3519,3548,2425,2452,807,851,3232,3303
Nov-2004,2676,2730,670,792,3346,3522,2484,2519,3154,3311,2418,2443,753,796,3171,3239
Dec-2004,2009,2026,796,817,2805,2843,2270,2292,3066,3109,2438,2460,703,741,3141,3201
Jan-2005,1865,1886,412,432,2277,2318,2657,2688,3069,3120,2473,2495,708,738,3182,3233
Feb-2005,2357,2368,783,794,3140,3162,2413,2430,3196,3224,2511,2531,793,815,3304,3346
Mar-2005,2467,2478,871,885,3338,3363,2545,2561,3416,3446,2541,2559,916,932,3457,3491
Apr-2005,2618,2631,1081,1089,3699,3720,2585,2604,3666,3693,2570,2586,1012,1026,3582,3612
May-2005,2974,2987,1131,1147,4105,4134,2858,2869,3989,4016,2590,2606,1043,1059,3633,3664
Jun-2005,3521,3549,1517,1560,5038,5109,3237,3261,4754,4821,2599,2615,995,1015,3594,3630
Jul-2005,2255,2268,467,482,2722,2750,2231,2244,2698,2726,2599,2615,888,910,3487,3526
Aug-2005,2503,2531,531,539,3034,3070,2203,2222,2734,2761,2593,2610,759,782,3351,3392
Sep-2005,2366,2386,663,687,3029,3073,2257,2278,2920,2965,2576,2599,644,667,3221,3265
Oct-2005,2177,2198,807,847,2984,3045,2109,2127,2916,2974,2559,2587,571,592,3131,3179
Nov-2005,2802,2854,577,581,3379,3435,2568,2603,3145,3184,2534,2568,543,561,3077,3128
Dec-2005,2065,2078,371,395,2436,2473,2477,2491,2848,2886,2507,2543,549,563,3056,3106
Jan-2006,1793,1877,555,555,2348,2432,2496,2595,3051,3150,2482,2518,568,578,3050,3095
Feb-2006,2416,2416,528,535,2944,2951,2485,2486,3013,3021,2457,2490,602,608,3060,3098
Mar-2006,2710,2715,910,916,3620,3631,2412,2422,3322,3338,2442,2472,675,678,3117,3150
Apr-2006,1990,2014,524,526,2514,2540,2382,2418,2906,2944,2448,2476,751,755,3199,3231
May-2006,2859,2881,937,938,3796,3819,2589,2609,3526,3547,2471,2498,796,801,3267,3299
Jun-2006,2538,2594,720,720,3258,3314,2369,2412,3089,3132,2505,2531,795,801,3300,3332
Jul-2006,2534,2558,1058,1084,3592,3642,2445,2469,3503,3553,2527,2552,771,779,3299,3331
Aug-2006,3137,3169,576,580,3713,3749,2792,2815,3368,3395,2521,2542,732,740,3253,3282
Sep-2006,2552,2557,470,470,3022,3027,2496,2502,2966,2972,2480,2495,694,701,3174,3196
Oct-2006,2437,2449,797,807,3234,3256,2296,2303,3093,3110,2416,2425,672,678,3088,3103
Nov-2006,2662,2672,728,734,3390,3406,2439,2446,3167,3180,2350,2356,665,670,3015,3026
Dec-2006,1684,1693,783,788,2467,2481,2124,2134,2907,2922,2302,2308,687,692,2989,3000
Jan-2007,1771,1775,364,364,2135,2139,2319,2325,2683,2689,2280,2290,721,726,3001,3016
Feb-2007,2275,2279,1069,1079,3344,3358,2344,2350,3413,3429,2292,2308,754,758,3046,3066
Mar-2007,2456,2475,672,672,3128,3147,2313,2342,2985,3014,2327,2349,770,774,3097,3124
Apr-2007,2111,2134,775,786,2886,2920,2398,2433,3173,3219,2367,2394,783,787,3150,3182
May-2007,2578,2611,985,985,3563,3596,2381,2410,3366,3395,2409,2440,820,825,3230,3266
Jun-2007,2476,2523,714,724,3190,3247,2368,2410,3082,3134,2449,2481,889,896,3338,3377
Jul-2007,2788,2815,826,831,3614,3646,2609,2628,3435,3459,2488,2519,971,981,3460,3500
Aug-2007,2898,2923,1010,1023,3908,3946,2546,2569,3556,3592,2532,2562,1039,1053,3571,3615
Sep-2007,2420,2457,1246,1256,3666,3713,2489,2533,3735,3789,2566,2597,1080,1097,3646,3694
Oct-2007,2932,2971,1476,1512,4408,4483,2593,2620,4069,4132,2591,2624,1075,1093,3666,3717
Nov-2007,2813,2830,777,799,3590,3629,2622,2634,3399,3433,2615,2649,1023,1040,3638,3690
Dec-2007,2183,2251,649,651,2832,2902,2737,2811,3386,3462,2636,2669,936,950,3572,3619
Jan-2008,1895,1924,916,926,2811,2850,2558,2596,3474,3522,2656,2685,839,849,3494,3534
Feb-2008,2621,2634,1081,1093,3702,3727,2546,2565,3627,3658,2665,2688,785,794,3450,3482
Mar-2008,2543,2546,656,661,3199,3207,2854,2859,3510,3520,2657,2674,792,803,3449,3477
Apr-2008,2816,2823,557,570,3373,3393,2683,2694,3240,3264,2641,2653,839,855,3481,3508
May-2008,2563,2575,1028,1040,3591,3615,2450,2463,3478,3503,2619,2628,909,931,3528,3559
Jun-2008,2798,2809,940,994,3738,3803,2683,2691,3623,3685,2588,2597,975,1002,3563,3599
Jul-2008,2710,2727,1331,1356,4041,4083,2433,2445,3764,3801,2543,2555,1027,1057,3570,3612
Aug-2008,2746,2749,827,854,3573,3603,2624,2627,3451,3481,2486,2501,1031,1062,3517,3564
Sep-2008,2649,2684,982,997,3631,3681,2482,2515,3464,3512,2433,2449,968,998,3401,3448
Oct-2008,2599,2622,1180,1223,3779,3845,2296,2313,3476,3536,2389,2405,885,911,3273,3317
Nov-2008,2300,2311,559,585,2859,2896,2349,2358,2908,2943,2363,2378,840,861,3203,3239
Dec-2008,1997,2018,716,740,2713,2758,2305,2322,3021,3062,2366,2378,835,852,3200,3229
Jan-2009,1746,1751,684,684,2430,2435,2429,2437,3113,3121,2400,2411,840,854,3240,3265
Feb-2009,2449,2452,1107,1111,3556,3563,2516,2521,3623,3632,2461,2470,860,876,3321,3346
Mar-2009,2659,2667,1326,1356,3985,4023,2521,2533,3847,3889,2545,2556,880,903,3426,3459
Apr-2009,2661,2672,613,621,3274,3293,2695,2710,3308,3331,2637,2651,915,950,3552,3600
May-2009,2641,2659,480,577,3121,3236,2587,2609,3067,3186,2744,2759,958,1001,3702,3760
Jun-2009,3164,3190,1182,1182,4346,4372,2940,2959,4122,4141,2869,2887,997,1042,3866,3929
Jul-2009,3447,3461,1472,1581,4919,5042,3024,3034,4496,4615,3000,3024,1059,1104,4059,4128
Aug-2009,3279,3313,806,837,4085,4150,3121,3161,3927,3998,3123,3155,1136,1186,4260,4341
Sep-2009,3358,3381,1459,1488,4817,4869,3130,3153,4589,4641,3227,3267,1185,1246,4412,4513
Oct-2009,3831,3878,957,958,4788,4836,3560,3591,4517,4549,3312,3361,1190,1272,4503,4633
Nov-2009,3301,3416,1126,1336,4427,4752,3218,3330,4344,4666,3376,3430,1192,1302,4567,4733
Dec-2009,2802,2862,1679,1814,4481,4676,3332,3379,5011,5193,3410,3467,1235,1374,4645,4841
Jan-2010,2410,2436,929,1096,3339,3532,3451,3488,4380,4584,3409,3465,1317,1474,4726,4939
Feb-2010,3423,3466,1114,1210,4537,4676,3505,3557,4619,4767,3371,3423,1422,1587,4793,5010
Mar-2010,3677,3720,2045,2317,5722,6037,3388,3446,5433,5763,3308,3357,1548,1707,4856,5064
Apr-2010,2999,3034,1793,1886,4792,4920,3065,3110,4858,4996,3235,3279,1703,1848,4938,5126
May-2010,3179,3213,1499,1582,4678,4795,3125,3164,4624,4746,3164,3204,1868,1994,5032,5198
Jun-2010,3307,3336,1925,2080,5232,5416,3063,3087,4988,5167,3098,3134,2022,2131,5121,5265
Jul-2010,3463,3516,2451,2556,5914,6072,3190,3230,5641,5786,3047,3079,2146,2232,5193,5312
Aug-2010,3215,3230,2172,2800,5387,6030,2990,3007,5162,5807,3017,3048,2225,2291,5242,5339
Sep-2010,3176,3201,2294,2343,5470,5544,2980,3006,5274,5349,3003,3033,2236,2284,5239,5317
Oct-2010,3128,3189,2185,2261,5313,5450,2974,3024,5159,5285,2998,3027,2158,2197,5156,5225
Nov-2010,3047,3072,1937,1940,4984,5012,2888,2912,4825,4852,2997,3024,2026,2066,5023,5090
Dec-2010,2612,2646,2205,2608,4817,5254,3037,3066,5242,5674,2997,3020,1892,1943,4889,4963
Jan-2011,2225,2235,1541,1672,3766,3907,3220,3233,4761,4905,2985,3002,1802,1865,4787,4867
Feb-2011,2776,2785,1172,1179,3948,3964,2831,2841,4003,4020,2958,2969,1751,1818,4709,4787
Mar-2011,3191,3202,2240,2459,5431,5661,2893,2906,5133,5365,2917,2924,1726,1797,4643,4721
Apr-2011,2462,2465,2103,2113,4565,4578,2824,2828,4927,4941,2876,2883,1725,1807,4602,4690
May-2011,2985,2990,1184,1185,4169,4175,2849,2854,4033,4039,2833,2843,1707,1803,4540,4646
Jun-2011,2927,2933,1858,1936,4785,4869,2766,2773,4624,4709,2784,2800,1661,1770,4445,4570
Jul-2011,3054,3071,1446,1663,4500,4734,2872,2887,4318,4550,2729,2751,1593,1711,4322,4462
Aug-2011,2962,3001,1731,1935,4693,4936,2616,2659,4347,4594,2664,2690,1494,1609,4158,4299
Sep-2011,2781,2815,1443,1478,4224,4293,2613,2651,4056,4129,2596,2622,1408,1506,4003,4127
Oct-2011,2424,2438,981,1026,3405,3464,2342,2353,3323,3379,2533,2556,1349,1419,3882,3975
Nov-2011,2755,2765,1698,1714,4453,4479,2577,2587,4275,4301,2477,2494,1284,1321,3761,3814
Dec-2011,2061,2074,1139,1161,3200,3235,2507,2518,3646,3679,2428,2439,1231,1244,3659,3683
Jan-2012,1700,1708,951,969,2651,2677,2403,2414,3354,3383,2387,2393,1294,1299,3681,3691
Feb-2012,2425,2433,1891,1891,4316,4324,2332,2338,4223,4229,2357,2362,1462,1466,3819,3828
Mar-2012,2406,2409,1290,1291,3696,3700,2225,2229,3515,3520,2339,2344,1688,1691,4026,4035
Apr-2012,1987,1989,1561,1565,3548,3554,2363,2365,3924,3930,2342,2348,1935,1930,4277,4278
May-2012,2648,2649,2582,2586,5230,5235,2392,2393,4974,4979,2366,2372,2154,2146,4520,4518
Jun-2012,2496,2510,3344,3344,5840,5854,2409,2429,5753,5773,2402,2409,2299,2300,4701,4709
Jul-2012,2629,2639,1107,1107,3736,3746,2446,2454,3553,3561,2424,2433,2346,2371,4770,4804
Aug-2012,2674,2676,2372,2377,5046,5053,2377,2379,4749,4756,2416,2428,2311,2365,4727,4792
Sep-2012,2460,2469,2837,2845,5297,5314,2481,2492,5318,5337,2379,2392,2205,2283,4583,4675
Oct-2012,2593,2610,1578,1910,4171,4520,2318,2330,3896,4240,2321,2337,2040,2128,4361,4464
Nov-2012,2345,2380,2117,2147,4462,4527,2220,2260,4337,4407,2255,2270,1880,1961,4135,4232
Dec-2012,1706,1712,1905,1905,3611,3617,2192,2197,4097,4102,2202,2216,1764,1823,3965,4038
Jan-2013,1571,1580,1264,1264,2835,2844,2113,2123,3377,3387,2177,2189,1660,1691,3836,3880
Feb-2013,2204,2219,1506,1525,3710,3744,2225,2236,3731,3761,2179,2190,1592,1600,3771,3790
Mar-2013,2003,2004,1612,1619,3615,3623,2124,2126,3736,3745,2197,2208,1587,1586,3784,3794
Apr-2013,2228,2235,2035,2046,4263,4281,2219,2228,4254,4274,2217,2230,1613,1614,3830,3844
May-2013,2723,2759,1698,1698,4421,4457,2454,2481,4152,4179,2226,2241,1660,1666,3885,3908
Jun-2013,2065,2074,1094,1097,3159,3171,2123,2139,3217,3236,2233,2250,1742,1749,3975,3999
Jul-2013,2433,2446,2230,2248,4663,4694,2162,2171,4392,4419,2238,2254,1837,1847,4076,4101
Aug-2013,2453,2463,1532,1544,3985,4007,2253,2268,3785,3812,2260,2274,1917,1931,4178,4205
Sep-2013,2347,2355,2577,2588,4924,4943,2357,2368,4934,4956,2318,2331,1977,1994,4295,4324
Oct-2013,2649,2655,2900,2916,5549,5571,2360,2364,5260,5280,2403,2415,1965,1985,4368,4400
Nov-2013,2657,2670,1994,2038,4651,4708,2536,2552,4530,4590,2497,2511,1914,1935,4412,4446
Dec-2013,1928,1959,1827,1831,3755,3790,2391,2419,4218,4250,2578,2594,1860,1879,4438,4474
Jan-2014,2200,2217,1391,1414,3591,3631,2988,3009,4379,4423,2635,2654,1842,1860,4476,4513
Feb-2014,2613,2636,2138,2155,4751,4791,2622,2638,4760,4793,2670,2691,1864,1882,4534,4574
Mar-2014,2556,2576,1553,1566,4109,4142,2472,2495,4025,4061,2688,2711,1913,1933,4601,4644
Apr-2014,2516,2547,2968,2986,5484,5533,2751,2782,5719,5768,2689,2712,1976,2000,4666,4711
May-2014,2998,3019,1466,1482,4464,4501,2758,2775,4224,4257,2681,2702,1998,2025,4679,4726
Jun-2014,2603,2611,1843,1920,4446,4531,2696,2713,4539,4633,2675,2693,2039,2068,4714,4761
Jul-2014,2943,2956,2171,2173,5114,5129,2600,2610,4771,4783,2672,2688,2180,2208,4852,4896
Aug-2014,2880,2889,2663,2671,5543,5560,2726,2740,5389,5411,2675,2690,2400,2424,5075,5114
Sep-2014,2732,2742,2067,2110,4799,4852,2582,2597,4649,4707,2679,2693,2650,2669,5329,5362
Oct-2014,3055,3084,2808,2816,5863,5900,2757,2778,5565,5594,2704,2719,2865,2879,5569,5598
Nov-2014,2758,2774,4176,4180,6934,6954,2756,2779,6932,6959,2745,2765,2994,3006,5740,5771
Dec-2014,2273,2291,3078,3080,5351,5371,2701,2715,5779,5795,2780,2807,3059,3069,5840,5876
Jan-2015,2042,2076,1735,1760,3777,3836,2858,2903,4593,4663,2795,2828,3105,3115,5901,5943
Feb-2015,2870,2909,3585,3589,6455,6498,2867,2892,6452,6481,2785,2823,3131,3139,5917,5962
Mar-2015,2995,3060,3284,3291,6279,6351,2792,2868,6076,6159,2759,2796,3115,3121,5874,5917
Apr-2015,2768,2788,3064,3068,5832,5856,2658,2678,5722,5746,2734,2766,3042,3047,5776,5813
May-2015,2809,2838,3826,3831,6635,6669,2669,2689,6495,6520,2731,2755,2976,2980,5707,5735
Jun-2015,2813,2814,1882,1882,4695,4696,2739,2743,4621,4625,2756,2772,2885,2890,5641,5661
Jul-2015,3062,3068,2820,2820,5882,5888,2776,2781,5596,5601,2805,2814,2773,2778,5577,5592
Aug-2015,3006,3009,2404,2427,5410,5436,2934,2939,5338,5366,2865,2871,2697,2704,5561,5574
Sep-2015,3209,3222,2968,2972,6177,6194,2991,3006,5959,5978,2912,2917,2676,2684,5588,5601
Oct-2015,3160,3166,4120,4130,7280,7296,2913,2919,7033,7049,2944,2951,2634,2642,5578,5593
Nov-2015,2960,2963,1556,1556,4516,4519,2938,2943,4494,4499,2969,2976,2560,2570,5529,5546
Dec-2015,2538,2552,2871,2878,5409,5430,2969,2981,5840,5859,2996,3005,2473,2483,5469,5489
Jan-2016,2098,2099,2169,2190,4267,4289,3015,3016,5184,5206,3029,3038,2386,2398,5415,5436
Feb-2016,3103,3137,2499,2510,5602,5647,3009,3032,5508,5542,3062,3071,2391,2402,5454,5473
Mar-2016,3287,3295,2251,2268,5538,5563,3285,3293,5536,5561,3092,3099,2506,2515,5597,5614
Apr-2016,3060,3065,2909,2909,5969,5974,3001,3007,5910,5916,3108,3115,2714,2721,5823,5836
May-2016,3316,3317,2773,2773,6089,6090,3107,3107,5880,5880,3107,3113,2894,2898,6002,6011
Jun-2016,3102,3102,2654,2654,5756,5756,3063,3064,5717,5718,3090,3095,2938,2940,6028,6035
Jul-2016,3203,3205,3716,3716,6919,6921,3102,3104,6818,6820,3061,3067,2889,2891,5950,5958
Aug-2016,3430,3444,3024,3039,6454,6483,3075,3093,6099,6132,3030,3036,2760,2763,5790,5799
Sep-2016,3123,3123,2276,2276,5399,5399,2982,2982,5258,5258,3001,3009,2639,2642,5640,5651
Oct-2016,2959,2974,1592,1592,4551,4566,2889,2902,4481,4494,2972,2981,2584,2587,5555,5568
Nov-2016,3253,3260,2598,2604,5851,5864,2969,2978,5567,5582,2939,2949,2600,2603,5540,5553
Dec-2016,2443,2454,3748,3750,6191,6204,2964,2975,6712,6725,2919,2931,2631,2634,5550,5564
Jan-2017,2103,2108,2232,2232,4335,4340,2951,2957,5183,5189,2913,2926,2616,2620,5529,5545
Feb-2017,2899,2948,2807,2814,5706,5762,2864,2896,5671,5710,2925,2940,2513,2518,5438,5458
Mar-2017,3262,3270,2263,2273,5525,5543,2855,2862,5118,5135,2955,2973,2323,2329,5277,5301
Apr-2017,2606,2626,1755,1761,4361,4387,3066,3088,4821,4849,2996,3016,2113,2120,5109,5136
May-2017,3406,3443,1943,1947,5349,5390,3098,3118,5041,5065,3047,3067,1956,1965,5003,5032
Jun-2017,3100,3101,2110,2117,5210,5218,3051,3056,5161,5173,3106,3125,1984,1995,5089,5120
Jul-2017,3208,3254,2330,2360,5538,5614,3214,3262,5544,5622,3154,3173,2209,2223,5363,5396
Aug-2017,3546,3547,2344,2352,5890,5899,3135,3137,5479,5489,3182,3203,2582,2598,5764,5801
Sep-2017,3229,3232,2247,2251,5476,5483,3179,3184,5426,5435,3189,3214,3015,3032,6204,6246
Oct-2017,3561,3587,3499,3545,7060,7132,3303,3326,6802,6871,3192,3221,3370,3391,6562,6612
Nov-2017,3514,3569,6592,6605,10106,10174,3253,3319,9845,9924,3214,3246,3554,3579,6768,6825
Dec-2017,2408,2429,2984,2997,5392,5426,3024,3043,6008,6040,3262,3294,3544,3573,6807,6866
Jan-2018,2497,2532,3189,3216,5686,5748,3325,3359,6514,6575,3331,3360,3361,3389,6692,6749
Feb-2018,3450,3471,2628,2702,6078,6173,3405,3418,6033,6120,3401,3425,3080,3106,6482,6531
Mar-2018,3659,3674,2990,2993,6649,6667,3588,3604,6578,6597,3450,3467,2764,2785,6213,6251
Apr-2018,3369,3384,2412,2412,5781,5796,3585,3601,5997,6013,3454,3467,2490,2505,5944,5973
May-2018,3679,3706,2722,2723,6401,6429,3333,3347,6055,6070,3415,3427,2311,2324,5725,5751
Jun-2018,3236,3237,2032,2052,5268,5289,3286,3292,5318,5344,3349,3363,2200,2217,5549,5579
Jul-2018,3367,3376,1953,1998,5320,5374,3255,3265,5208,5263,3283,3299,2131,2155,5415,5454
Aug-2018,3604,3616,1444,1444,5048,5060,3237,3254,4681,4698,3236,3252,2093,2125,5329,5377
Sep-2018,3019,3044,2713,2749,5732,5793,3113,3150,5826,5899,3205,3220,2057,2093,5262,5313
Oct-2018,3802,3814,2475,2565,6277,6379,3367,3375,5842,5940,3179,3191,2040,2073,5218,5264
Nov-2018,3378,3380,1926,1929,5304,5309,3113,3117,5039,5046,3136,3145,2015,2041,5151,5187
Dec-2018,2367,2369,1595,1595,3962,3964,3018,3020,4613,4615,3071,3077,1968,1986,5039,5064
Jan-2019,2306,2312,1237,1253,3543,3565,2999,3005,4236,4258,3008,3013,1912,1925,4920,4938
Feb-2019,3097,3114,2752,2752,5849,5866,3051,3062,5803,5814,2958,2966,1877,1885,4835,4851
Mar-2019,3019,3034,2170,2181,5189,5215,2814,2829,4984,5010,2925,2936,1857,1864,4781,4800
Apr-2019,2547,2550,1171,1196,3718,3746,2831,2835,4002,4031,2917,2933,1813,1820,4730,4753
May-2019,3234,3260,1801,1801,5035,5061,2980,2995,4781,4796,2918,2938,1718,1724,4636,4662
Jun-2019,2958,2970,2030,2030,4988,5000,3119,3150,5149,5180,2910,2931,1581,1585,4491,4517
Jul-2019,2913,2930,1260,1266,4173,4196,2696,2710,3956,3976,2896,2918,1529,1534,4425,4452
Aug-2019,3110,3119,1391,1391,4501,4510,2923,2938,4314,4329,2886,2907,1611,1621,4498,4528
Sep-2019,3012,3025,1553,1553,4565,4578,3056,3076,4609,4629,2893,2913,1789,1803,4682,4716
Oct-2019,2947,2981,2202,2256,5149,5237,2557,2581,4759,4837,2917,2935,1959,1978,4877,4913
Nov-2019,3306,3314,1772,1786,5078,5100,3107,3122,4879,4908,2957,2974,2097,2116,5054,5089
Dec-2019,2510,2532,3574,3594,6084,6126,3061,3084,6635,6678,3002,3018,2180,2197,5182,5215
Jan-2020,2403,2428,1134,1136,3537,3564,3108,3135,4242,4271,3033,3050,2152,2167,5185,5217
Feb-2020,3153,3168,3871,3880,7024,7048,3056,3065,6927,6945,3049,3068,2036,2050,5086,5118
Mar-2020,3182,3191,1996,2011,5178,5202,2928,2938,4924,4949,3063,3084,1906,1921,4969,5005
Apr-2020,3250,3291,2161,2184,5411,5475,3111,3153,5272,5337,3086,3110,1833,1851,4919,4962
May-2020,3174,3211,1581,1616,4755,4827,3176,3199,4757,4815,3132,3161,1845,1866,4977,5027
Jun-2020,3117,3129,1503,1510,4620,4639,3100,3135,4603,4645,3199,3235,1905,1926,5104,5161
Jul-2020,3654,3685,2235,2269,5889,5954,3368,3393,5603,5662,3272,3315,1960,1982,5231,5296
Aug-2020,3328,3350,1983,2002,5311,5352,3298,3331,5281,5333,3338,3386,1928,1949,5266,5335
Sep-2020,3755,3818,2243,2253,5998,6071,3563,3640,5806,5893,3397,3447,1811,1832,5208,5279
Oct-2020,3759,3861,1538,1566,5297,5427,3372,3462,4910,5028,3475,3524,1635,1663,5110,5187
Nov-2020,3597,3617,1282,1353,4879,4970,3433,3470,4715,4823,3592,3636,1458,1504,5050,5141
Dec-2020,3371,3399,1329,1360,4700,4759,3890,3914,5219,5274,3753,3789,1331,1398,5084,5187
Jan-2021,2658,2698,836,858,3494,3556,3709,3752,4545,4610,3949,3978,1319,1406,5268,5384
Feb-2021,4282,4307,1354,1571,5636,5878,4228,4246,5582,5817,4139,4162,1410,1514,5549,5676
Mar-2021,5048,5079,2532,2659,7580,7738,4494,4523,7026,7182,4277,4300,1557,1669,5834,5969
Apr-2021,4622,4637,1181,1254,5803,5891,4279,4298,5460,5552,4336,4367,1723,1834,6059,6202
May-2021,4396,4436,1598,1652,5994,6088,4444,4469,6042,6121,4315,4357,1851,1957,6166,6314
Jun-2021,4326,4352,2303,2475,6629,6827,4223,4269,6526,6744,4248,4301,1930,2031,6178,6332
Jul-2021,4065,4105,1791,1845,5856,5950,3903,3940,5694,5785,4170,4231,2001,2097,6171,6328
Aug-2021,4314,4387,2290,2378,6604,6765,4216,4311,6506,6689,4094,4157,2047,2119,6141,6276
Sep-2021,3554,3586,2079,2179,5633,5765,3372,3410,5451,5589,3394,3452,2089,2147,5483,5598
Oct-2021,3633,3681,1712,1818,5345,5499,3378,3416,5090,5234,3345,3394,2101,2174,5447,5569
Nov-2021,3700,3719,2353,2405,6053,6124,3389,3424,5742,5829,3293,3333,2081,2205,5374,5538
Dec-2021,2786,2830,2462,2473,5248,5303,3175,3215,5637,5688,3236,3270,2067,2260,5303,5530
Jan-2022,1873,1913,1137,1159,3010,3072,2595,2638,3732,3797,3176,3207,2060,2318,5236,5524
Feb-2022,3265,3292,2816,3914,6081,7206,3225,3246,6041,7160,3127,3157,2023,2312,5150,5469
Mar-2022,3557,3595,1543,1577,5100,5172,3112,3146,4655,4723,3105,3134,1945,2223,5050,5357
Apr-2022,2733,2757,2138,2165,4871,4922,3097,3126,5235,5291,3108,3134,1826,2049,4934,5182
May-2022,3016,3041,1637,1805,4653,4846,3039,3055,4676,4860,3132,3156,1726,1867,4858,5023
Jun-2022,3236,3243,1895,1979,5131,5222,3162,3177,5057,5156,3160,3181,1675,1736,4835,4917
Jul-2022,3210,3238,1008,1041,4218,4279,3192,3215,4200,4256,3177,3194,1710,1732,4887,4926
Aug-2022,3596,3602,1893,1915,5489,5517,3295,3304,5188,5219,3163,3178,1819,1856,4982,5035
Sep-2022,3183,3198,2088,2128,5271,5326,3073,3094,5161,5222,3108,3122,1949,2024,5056,5146
Oct-2022,3298,3318,2400,2433,5698,5751,3072,3087,5472,5520,3016,3031,2021,2130,5037,5161
Nov-2022,3184,3190,1817,1982,5001,5172,2842,2852,4659,4834,2909,2924,2017,2163,4925,5087
Dec-2022,2410,2438,2526,2963,4936,5401,2852,2878,5378,5841,2801,2817,1943,2122,4744,4938
Jan-2023,1877,1891,984,1001,2861,2892,2570,2585,3554,3586,2703,2719,1860,2061,4562,4780
